HIPERMERCADO SORIANA,TORTILLA DE MAIZ,11.90
WAL-MART,TORTILLA DE MAIZ,9.50
SUPER MERCADO ARAMBURO,TORTILLA DE MAIZ,9.90
TORTILLERIAS TRADICIONALES,TORTILLA DE MAIZ,11.00
TORTILLERIAS TRADICIONALES,TORTILLA DE MAIZ,12.00
TORTILLERIAS TRADICIONALES,TORTILLA DE MAIZ,10.00
TORTILLERIAS TRADICIONALES,TORTILLA DE MAIZ,14.00
TORTILLERIAS TRADICIONALES,TORTILLA DE MAIZ,15.00
TORTILLERIAS TRADICIONALES,TORTILLA DE MAIZ,15.00
MEGA COMERCIAL MEXICANA,TORTILLA DE MAIZ,9.90
HIPERMERCADO SORIANA,TORTILLA DE MAIZ,10.00
SORIANA,TORTILLA DE MAIZ,11.40
TORTILLERIAS TRADICIONALES,TORTILLA DE MAIZ,10.00
TORTILLERIAS TRADICIONALES,TORTILLA DE MAIZ,15.00
TORTILLERIAS TRADICIONALES,TORTILLA DE MAIZ,18.00
TORTILLERIAS TRADICIONALES,TORTILLA DE MAIZ,16.00
TORTILLERIAS TRADICIONALES,TORTILLA DE MAIZ,12.50
SUPER LEY,TORTILLA DE MAIZ,10.90
MEGA COMERCIAL MEXICANA,TORTILLA DE MAIZ,9.90
DISTRIBUIDORA EL FLORIDO,HARINA DE MAIZ,9.90
SORIANA,HARINA DE MAIZ,9.95
CHEDRAUI,HARINA DE MAIZ,12.50
WAL-MART,HARINA DE MAIZ,13.90
HIPERMERCADO SORIANA,HARINA DE MAIZ,13.90
SORIANA,HARINA DE MAIZ,13.90
LEY EXPRESS,HARINA DE MAIZ,13.90
BODEGA AURRERA,HARINA DE MAIZ,12.50
CALIMAX,HARINA DE MAIZ,13.60
WAL-MART,HARINA DE MAIZ,13.90
WAL-MART,HARINA DE MAIZ,12.90
SUPERMERCADOS SANTA FE,HARINA DE MAIZ,10.50
SORIANA SUPER,HARINA DE MAIZ,10.60
FARMACIA GUADALAJARA,HARINA DE MAIZ,12.20
BODEGA AURRERA,HARINA DE MAIZ,13.90
SORIANA,HARINA DE MAIZ,13.90
MEGA COMERCIAL MEXICANA,HARINA DE MAIZ,13.73
CHEDRAUI,HARINA DE MAIZ,10.30
SORIANA SUPER,TORTILLA DE MAIZ,12.50
MEGA COMERCIAL MEXICANA,TORTILLA DE MAIZ,9.90
WAL-MART,TORTILLA DE MAIZ,10.00
TORTILLERIAS TRADICIONALES,TORTILLA DE MAIZ,12.00
TORTILLERIAS TRADICIONALES,TORTILLA DE MAIZ,13.00
TORTILLERIAS TRADICIONALES,TORTILLA DE MAIZ,16.00
TORTILLERIAS TRADICIONALES,TORTILLA DE MAIZ,12.00
TORTILLERIAS TRADICIONALES,TORTILLA DE MAIZ,10.00
TORTILLERIAS TRADICIONALES,TORTILLA DE MAIZ,13.00
TORTILLERIAS TRADICIONALES,TORTILLA DE MAIZ,14.00
TORTILLERIAS TRADICIONALES,TORTILLA DE MAIZ,12.00
TORTILLERIAS TRADICIONALES,TORTILLA DE MAIZ,9.00
SUPERAMA,TORTILLA DE MAIZ,10.90
TORTILLERIAS TRADICIONALES,TORTILLA DE MAIZ,13.00
SORIANA,TORTILLA DE MAIZ,10.00
TORTILLERIAS TRADICIONALES,TORTILLA DE MAIZ,14.00
TORTILLERIAS TRADICIONALES,TORTILLA DE MAIZ,14.00
TORTILLERIAS TRADICIONALES,TORTILLA DE MAIZ,12.00
WAL-MART,HARINA DE MAIZ,12.90
MEGA COMERCIAL MEXICANA,HARINA DE MAIZ,11.50
SUMESA,HARINA DE MAIZ,12.90
SORIANA,HARINA DE MAIZ,13.90
WAL-MART,HARINA DE MAIZ,12.90
SUPERAMA,HARINA DE MAIZ,12.90
MERCADO SORIANA,HARINA DE MAIZ,13.80
WAL-MART,HARINA DE MAIZ,12.90
MEGA COMERCIAL MEXICANA,HARINA DE MAIZ,13.50
SORIANA,HARINA DE MAIZ,13.90
BODEGA AURRERA EXPRESS,HARINA DE MAIZ,12.50
SUPER CHEDRAUI,HARINA DE MAIZ,8.20
WAL-MART,HARINA DE MAIZ,12.90
SUPERAMA,HARINA DE MAIZ,12.90
WAL-MART,HARINA DE MAIZ,12.90
CHEDRAUI,HARINA DE MAIZ,10.30
SORIANA,HARINA DE MAIZ,11.20
BODEGA AURRERA,HARINA DE MAIZ,12.50
TORTILLERIAS TRADICIONALES,TORTILLA DE MAIZ,12.00
TORTILLERIAS TRADICIONALES,TORTILLA DE MAIZ,12.00
TORTILLERIAS TRADICIONALES,TORTILLA DE MAIZ,13.00
TORTILLERIAS TRADICIONALES,TORTILLA DE MAIZ,12.00
SORIANA,TORTILLA DE MAIZ,9.50
MERCADO SORIANA,TORTILLA DE MAIZ,9.50
BODEGA AURRERA,TORTILLA DE MAIZ,9.50
MERCADO SORIANA,TORTILLA DE MAIZ,9.50
TORTILLERIAS TRADICIONALES,TORTILLA DE MAIZ,10.00
SUPERAMA,TORTILLA DE MAIZ,10.50
SORIANA,TORTILLA DE MAIZ,10.00
WAL-MART,TORTILLA DE MAIZ,10.00
SUPERAMA,TORTILLA DE MAIZ,10.90
TORTILLERIAS TRADICIONALES,TORTILLA DE MAIZ,10.00
TORTILLERIAS TRADICIONALES,TORTILLA DE MAIZ,11.00
TORTILLERIAS TRADICIONALES,TORTILLA DE MAIZ,11.00
TORTILLERIAS TRADICIONALES,TORTILLA DE MAIZ,11.00
BODEGA AURRERA,TORTILLA DE MAIZ,8.90
SUPERAMA,TORTILLA DE MAIZ,10.90
MEGA COMERCIAL MEXICANA,TORTILLA DE MAIZ,9.90
HIPERMERCADO SORIANA,HARINA DE MAIZ,9.80
WAL-MART,HARINA DE MAIZ,13.15
SMART & FINAL DEL NOROESTE,HARINA DE MAIZ,11.50
SUPER MERCADO ARAMBURO,HARINA DE MAIZ,10.20
HIPERMERCADO SORIANA,HARINA DE MAIZ,11.40
SORIANA,HARINA DE MAIZ,13.90
MEGA COMERCIAL MEXICANA,HARINA DE MAIZ,13.90
SUPER LEY,HARINA DE MAIZ,10.50
WAL-MART,HARINA DE MAIZ,10.00
MEGA COMERCIAL MEXICANA,HARINA DE MAIZ,13.55
MEGA COMERCIAL MEXICANA,HARINA DE MAIZ,12.20
SORIANA,HARINA DE MAIZ,13.90
SUPERAMA,HARINA DE MAIZ,13.90
SUPER LILI,HARINA DE MAIZ,10.00
MERCADO SORIANA,HARINA DE MAIZ,10.90
BODEGA AURRERA,HARINA DE MAIZ,12.50
WAL-MART,HARINA DE MAIZ,12.90
MERCADO SORIANA,HARINA DE MAIZ,12.90
SORIANA,HARINA DE MAIZ,13.90
SUPERAMA,HARINA DE MAIZ,12.90
SUPERAMA,HARINA DE MAIZ,12.90
SORIANA,HARINA DE MAIZ,11.50
BODEGA AURRERA,HARINA DE MAIZ,12.50
BODEGA AURRERA,HARINA DE MAIZ,12.50
SUPERAMA,HARINA DE MAIZ,13.00
MEGA COMERCIAL MEXICANA,HARINA DE MAIZ,13.90
WAL-MART,HARINA DE MAIZ,12.90
WAL-MART,HARINA DE MAIZ,13.90
MERKABASTOS,HARINA DE MAIZ,12.50
SORIANA,HARINA DE MAIZ,10.30
HIPERMERCADO SORIANA,HARINA DE MAIZ,13.90
WAL-MART,HARINA DE MAIZ,13.90
HIPERMERCADO SORIANA,HARINA DE MAIZ,12.90
HIPERMERCADO SORIANA,HARINA DE MAIZ,11.90
BODEGA AURRERA,HARINA DE MAIZ,13.90
CHEDRAUI,HARINA DE MAIZ,10.75
BODEGA AURRERA,HARINA DE MAIZ,13.90
FARMACIA GUADALAJARA,HARINA DE MAIZ,12.20
HIPERMERCADO SORIANA,HARINA DE MAIZ,13.90
BODEGA AURRERA,HARINA DE MAIZ,13.90
BODEGA AURRERA,HARINA DE MAIZ,13.90
WAL-MART,HARINA DE MAIZ,11.50
WAL-MART,HARINA DE MAIZ,12.90
BODEGA AURRERA,HARINA DE MAIZ,12.50
HIPERMERCADO SORIANA,HARINA DE MAIZ,10.60
SUPER GURIERREZ,HARINA DE MAIZ,12.50
WAL-MART,HARINA DE MAIZ,13.00
BODEGA AURRERA,HARINA DE MAIZ,12.00
SUPER GURIERREZ,HARINA DE MAIZ,12.90
SUPERMERCADOS SANTA FE,HARINA DE MAIZ,8.90
BODEGA AURRERA,HARINA DE MAIZ,12.00
CHEDRAUI,HARINA DE MAIZ,12.00
SUPER GURIERREZ,HARINA DE MAIZ,12.50
HIPERMERCADO SORIANA,HARINA DE MAIZ,9.20
WAL-MART,HARINA DE MAIZ,13.00
SUPER GURIERREZ,HARINA DE MAIZ,10.90
WAL-MART,HARINA DE MAIZ,13.00
SORIANA SUPER,HARINA DE MAIZ,15.70
SORIANA,HARINA DE MAIZ,12.40
MERCADO SORIANA,HARINA DE MAIZ,10.00
BODEGA AURRERA,HARINA DE MAIZ,11.00
WAL-MART,HARINA DE MAIZ,13.00
MERCADO SORIANA,HARINA DE MAIZ,10.00
SUPERAMA,HARINA DE MAIZ,13.00
MEGA COMERCIAL MEXICANA,HARINA DE MAIZ,13.65
BODEGA AURRERA,HARINA DE MAIZ,12.00
WAL-MART,HARINA DE MAIZ,13.00
FARMACIA GUADALAJARA,HARINA DE MAIZ,10.70
BODEGA AURRERA,HARINA DE MAIZ,12.00
BODEGA AURRERA,HARINA DE MAIZ,12.00
WAL-MART,HARINA DE MAIZ,13.00
HIPERMERCADO SORIANA,PAN DE CAJA,29.50
WAL-MART,PAN DE CAJA,27.00
SUPER MERCADO ARAMBURO,PAN DE CAJA,27.00
MEGA COMERCIAL MEXICANA,PAN DE CAJA,26.00
BODEGA AURRERA,TORTILLA DE MAIZ,9.50
TORTILLERIAS TRADICIONALES,TORTILLA DE MAIZ,10.00
MERKABASTOS,TORTILLA DE MAIZ,9.00
BODEGA AURRERA,TORTILLA DE MAIZ,9.50
BODEGA AURRERA,TORTILLA DE MAIZ,9.50
TORTILLERIAS TRADICIONALES,TORTILLA DE MAIZ,12.00
TORTILLERIAS TRADICIONALES,TORTILLA DE MAIZ,12.00
TORTILLERIAS TRADICIONALES,TORTILLA DE MAIZ,10.00
WAL-MART,TORTILLA DE MAIZ,10.00
SORIANA,TORTILLA DE MAIZ,8.90
HIPERMERCADO SORIANA,TORTILLA DE MAIZ,9.50
SUPER GURIERREZ,TORTILLA DE MAIZ,9.90
HIPERMERCADO SORIANA,TORTILLA DE MAIZ,10.00
WAL-MART,HARINA DE MAIZ,13.00
SORIANA SUPER,HARINA DE MAIZ,13.40
BODEGA AURRERA,HARINA DE MAIZ,12.00
DISTRIBUIDORA EL FLORIDO,TORTILLA DE MAIZ,8.90
SORIANA,TORTILLA DE MAIZ,9.50
WAL-MART,TORTILLA DE MAIZ,10.00
TORTILLERIAS TRADICIONALES,TORTILLA DE MAIZ,11.00
WAL-MART,TORTILLA DE MAIZ,9.50
SORIANA SUPER,TORTILLA DE MAIZ,10.00
CHEDRAUI,TORTILLA DE MAIZ,8.90
TORTILLERIAS TRADICIONALES,TORTILLA DE MAIZ,14.00
BODEGA AURRERA,TORTILLA DE MAIZ,9.50
CALIMAX,TORTILLA DE MAIZ,10.50
WAL-MART,TORTILLA DE MAIZ,10.00
TORTILLERIAS TRADICIONALES,TORTILLA DE MAIZ,15.00
TORTILLERIAS TRADICIONALES,TORTILLA DE MAIZ,12.00
SORIANA,TORTILLA DE MAIZ,8.90
TORTILLERIAS TRADICIONALES,TORTILLA DE MAIZ,18.00
WAL-MART,TORTILLA DE MAIZ,10.00
